{"cameraMode":{"drawMode":0,"name":"Shaded","section":"Shading Mode"},"sceneLighting":true,"audioPlay":false,"sceneViewState":{"m_AlwaysRefresh":false,"showFog":true,"showSkybox":true,"showFlares":true,"showImageEffects":true,"showParticleSystems":true,"showVisualEffectGraphs":true,"m_FxEnabled":true},"in2DMode":false,"pivot":{"x":200.6580352783203,"y":-5.920402526855469,"z":95.04009246826172},"rotation":{"x":0.00013962019875179976,"y":0.9992155432701111,"z":-0.039887093007564548,"w":0.003293257439509034},"size":28.733972549438478,"orthographic":false}