{"cameraMode":{"drawMode":0,"name":"Shaded","section":"Shading Mode"},"sceneLighting":true,"audioPlay":false,"sceneViewState":{"m_AlwaysRefresh":false,"showFog":true,"showSkybox":true,"showFlares":true,"showImageEffects":true,"showParticleSystems":true,"showVisualEffectGraphs":true,"m_FxEnabled":true},"in2DMode":false,"pivot":{"x":-41.06123352050781,"y":15.024909973144532,"z":-63.78731918334961},"rotation":{"x":0.004503405652940273,"y":-0.9788806438446045,"z":0.02173536643385887,"w":0.20311225950717927},"size":3.0243868827819826,"orthographic":false}