{"cameraMode":{"drawMode":0,"name":"Shaded","section":"Shading Mode"},"sceneLighting":true,"audioPlay":false,"sceneViewState":{"m_AlwaysRefresh":false,"showFog":true,"showSkybox":true,"showFlares":true,"showImageEffects":true,"showParticleSystems":true,"showVisualEffectGraphs":true,"m_FxEnabled":true},"in2DMode":false,"pivot":{"x":758.3546752929688,"y":3.4942140579223635,"z":877.4381103515625},"rotation":{"x":0.002084126928821206,"y":-0.9929528832435608,"z":0.017879078164696695,"w":0.11730685830116272},"size":0.9669461846351624,"orthographic":false}