{"cameraMode":{"drawMode":0,"name":"Shaded","section":"Shading Mode"},"sceneLighting":true,"audioPlay":false,"sceneViewState":{"m_AlwaysRefresh":false,"showFog":true,"showSkybox":true,"showFlares":true,"showImageEffects":true,"showParticleSystems":true,"showVisualEffectGraphs":true,"m_FxEnabled":true},"in2DMode":false,"pivot":{"x":-0.15000009536743165,"y":0.8600001335144043,"z":-0.4829998016357422},"rotation":{"x":0.15887238085269929,"y":0.5029885768890381,"z":-0.09465072304010391,"w":0.8442811965942383},"size":5.282493591308594,"orthographic":false}