{"cameraMode":{"drawMode":0,"name":"Shaded","section":"Shading Mode"},"sceneLighting":true,"audioPlay":false,"sceneViewState":{"m_AlwaysRefresh":false,"showFog":true,"showSkybox":true,"showFlares":true,"showImageEffects":true,"showParticleSystems":true,"showVisualEffectGraphs":true,"m_FxEnabled":true},"in2DMode":false,"pivot":{"x":182.3000030517578,"y":14.89000129699707,"z":324.8699951171875},"rotation":{"x":0.16081781685352326,"y":0.07571429014205933,"z":-0.012377695180475712,"w":0.9840043783187866},"size":15.677570343017579,"orthographic":false}